INSERT INTO destiny2_perks(id, name)
VALUES
    (1, 'field_prep'),
(2, 'slice'),
(3, 'destabilizing_rounds'),
(4, 'short_action_stock'),
(5, 'traitors_vessel'),
(6, 'tempest_cascade'),
(7, 'monte_carlo_method'),
(8, 'markov_chain'),
(9, 'attrition_orbs'),
(10, 'beacon_rounds'),
(11, 'bait_and_switch'),
(12, 'onslaught'),
(13, 'the_right_choice'),
(14, 'shoot_to_loot'),
(15, 'dichotomous_thinking'),
(16, 'meaning_making'),
(17, 'master_of_arms'),
(18, 'repulsor_brace'),
(19, 'soulburn'),
(20, 'soulfire_zeal'),
(21, 'chaos_reshaped');

INSERT INTO destiny2_weapons(id, name, affinity, archetype, slot, icon_url)
VALUES
    (1, 'Mint Retrograde', 'strand', 'rocket_pulse_rifle', NULL, 'https://www.bungie.net/common/destiny2_content/icons/fbf7032cc563c82757be6a7fe5e88713.jpg'),
(2, 'Choir of One', 'void', 'auto_rifle', NULL, 'https://www.bungie.net/common/destiny2_content/icons/e285e30c15aa9482df3f1f9c5810fe66.jpg'),
(3, 'Delicate Tomb', 'arc', 'fusion_rifle', NULL, 'https://www.bungie.net/common/destiny2_content/icons/8a626d617f8e503df45142835bb5b659.jpg'),
(4, 'Monte Carlo', 'kinetic', 'auto_rifle', NULL, 'https://www.bungie.net/common/destiny2_content/icons/d123aaf47eed3de479aac4492577f7e9.jpg'),
(5, 'Festival Flight', 'strand', 'breech_grenade_launcher', NULL, 'https://www.bungie.net/common/destiny2_content/icons/e3d2241387a0f536fbd52a80f522d3f4.jpg'),
(6, 'Khvostov 7G-0X', 'kinetic', 'auto_rifle', NULL, 'https://www.bungie.net/common/destiny2_content/icons/23aac6d8454ee1bcd2234e303bd2d6bf.jpg'),
(7, 'Service of Luzaku', 'strand', 'machine_gun', NULL, 'https://www.bungie.net/common/destiny2_content/icons/e7d4497fbdd8339eaf9da4b9151c9559.jpg'),
(8, 'Lotus Eater', 'void', 'rocket_sidearm', NULL, 'https://www.bungie.net/common/destiny2_content/icons/548f5f1ca7d0bece0ba46d99846e56f7.jpg'),
(9, 'Cull''s Shadow', 'kinetic', 'fusion_rifle', NULL, 'https://www.bungie.net/common/destiny2_content/icons/d4f9351b75ec209ab6cc368b996dd6bc.jpg'),
(10, 'Reckless Oracle', 'void', 'auto_rifle', NULL, 'https://www.bungie.net/common/destiny2_content/icons/af58615844b44293f5911ccaae913804.jpg');

INSERT INTO destiny2_weapon_perks(weapon_id, perk_id)
VALUES
    (1, 1),
(1, 2),
(1, 10),
(1, 11),
(1, 17),
(2, 3),
(2, 4),
(2, 12),
(3, 5),
(3, 6),
(4, 7),
(4, 8),
(5, 2),
(5, 9),
(6, 13),
(6, 14),
(7, 15),
(7, 16),
(8, 18),
(8, 3),
(9, 19),
(9, 20),
(10, 3),
(10, 21);

INSERT INTO destiny2_loadouts(id, name, class, element, mode, super_name, super_emoji, class_ability, jump, melee, grenade, artifact_name, author, dim_link, video_url)
VALUES
    (1, 'Crest of Alpha Lupi', 'titan', 'arc', 'pve', 'Thundercrash', 'thundercrash', 'rally_barricade', 'catapult_lift', 'thunderclap', 'pulse_grenade', 'Tablet of Ruin', 'LlamaD2', 'https://dim.gg/go2ivrq/Raid', 'https://youtu.be/PIS5RRBkn0E'),
(2, 'Geomag Super Spam', 'warlock', 'arc', 'pve', 'Chaos Reach', 'chaos_reach', 'healing_rift', 'burst_glide', 'chain_lightning', 'pulse_grenade', 'Tablet of Ruin', 'LlamaD2', 'https://dim.gg/i2kny6a/Arc', 'https://youtu.be/sFzAdAl3ULw'),
(3, 'Ascension', 'hunter', 'prismatic', 'pve', 'Golden Gun: Marksman', 'golden_gun_marksman', 'gamblers_dodge', 'triple_jump', 'threaded_spike', 'grapple', 'Hunter''s Journal', 'LlamaD2', 'https://dim.gg/d2dwroy/Prismatic', 'https://youtu.be/pKWrXJg1ees?t=1160'),
(4, 'Drengr''s Lash', 'titan', 'prismatic', 'pve', 'Thundercrash', 'thundercrash', 'rally_barricade', 'catapult_lift', 'thunderclap', 'pulse_grenade', 'Tablet of Ruin', 'LlamaD2', 'https://dim.gg/fhifcqy/Prismatic', 'https://youtu.be/_XrSVh-ZIGg'),
(5, 'Hallowfire Heart', 'titan', 'solar', 'pve', 'Hammer of Sol', 'hammer_of_sol', 'rally_barricade', 'catapult_lift', 'throwing_hammer', 'thermite_grenade', 'Tablet of Ruin', 'LlamaD2', 'https://dim.gg/kuzm76q/Solar', 'https://youtu.be/-m-BsUCm7Z4'),
(6, 'Boots of the Assembler', 'warlock', 'solar', 'pve', 'Well of Radiance', 'well_of_radiance', 'healing_rift', 'burst_glide', 'incinerator_snap', 'healing_grenade', 'Queensfoil Censer', 'LlamaD2', 'https://dim.gg/la56xhi/Raid', 'https://youtu.be/Gt2pLQvbZUA?t=944'),
(7, 'Shatter', 'hunter', 'stasis', 'pve', 'Silence and Squall', 'silence_and_squall', 'gamblers_dodge', 'triple_jump', 'withering_blade', 'shatter_grenade', 'Encrypted Data Disk', 'LlamaD2', 'https://dim.gg/6bl3oay/Stasis', 'https://youtu.be/pKWrXJg1ees?t=700'),
(8, 'Weavewalk', 'warlock', 'strand', 'pve', 'Needlestorm', 'needlestorm', 'healing_rift', 'burst_glide', 'arcane_needle', 'grapple', 'Implement of Curiosity', 'LlamaD2', 'https://dim.gg/fiauzci/Void', 'https://youtu.be/TBbOiMWPIkE'),
(9, 'Trapper''s Ambush', 'hunter', 'void', 'pve', 'Shadowshot: Moebius Quiver', 'shadowshot_moebius_quiver', 'gamblers_dodge', 'triple_jump', 'phantom_surge', 'vortex_grenade', 'NPA Repulsion Regulator', 'LlamaD2', 'https://dim.gg/ilfadba/Void', 'https://youtu.be/pKWrXJg1ees'),
(10, 'Shield Bash', 'titan', 'void', 'pve', 'Twilight Arsenal', 'twilight_arsenal', 'rally_barricade', 'catapult_lift', 'shield_bash', 'vortex_grenade', 'Hunter''s Journal', 'LlamaD2', 'https://dim.gg/3amqc4y/Void', 'https://youtu.be/IhBfmN00LEs'),
(11, 'Soul Siphon', 'warlock', 'void', 'pve', 'Nova Bomb: Cataclysm', 'nova_bomb_cataclysm', 'healing_rift', 'burst_glide', 'pocket_singularity', 'vortex_grenade', 'Hunter''s Journal', 'LlamaD2', 'https://dim.gg/dchyh6y/Raid', 'https://youtu.be/LyWoZXrUGTM');

INSERT INTO destiny2_loadout_aspects(id, loadout_id, ordinal, aspect_emoji)
VALUES
    (1, 1, 0, 'storms_keep'),
(2, 1, 1, 'knockout'),
(3, 2, 0, 'electrostatic_mind'),
(4, 2, 1, 'ionic_sentry'),
(5, 3, 0, 'ascension'),
(6, 3, 1, 'gunpowder_gamble'),
(7, 4, 0, 'drengrs_lash'),
(8, 4, 1, 'knockout'),
(9, 5, 0, 'roaring_flames'),
(10, 5, 1, 'sol_invictus'),
(11, 6, 0, 'hellion'),
(12, 6, 1, 'icarus_dash'),
(13, 7, 0, 'grim_harvest'),
(14, 7, 1, 'touch_of_winter'),
(15, 8, 0, 'weavers_call'),
(16, 8, 1, 'weavewalk'),
(17, 9, 0, 'stylish_executioner'),
(18, 9, 1, 'trappers_ambush'),
(19, 10, 0, 'bastion'),
(20, 10, 1, 'offensive_bulwark'),
(21, 11, 0, 'feed_the_void'),
(22, 11, 1, 'soul_siphon');

INSERT INTO destiny2_loadout_aspect_fragments(aspect_id, ordinal, fragment_emoji)
VALUES
    (1, 0, 'spark_of_shock'),
(1, 1, 'spark_of_frequency'),
(2, 0, 'spark_of_resistance'),
(2, 1, 'spark_of_ions'),
(3, 0, 'spark_of_shock'),
(3, 1, 'spark_of_resistance'),
(4, 0, 'spark_of_discharge'),
(4, 1, 'spark_of_frequency'),
(5, 0, 'facet_of_courage'),
(5, 1, 'facet_of_hope'),
(6, 0, 'facet_of_blessing'),
(6, 1, 'facet_of_purpose'),
(6, 2, 'facet_of_dawn'),
(7, 0, 'facet_of_protection'),
(7, 1, 'facet_of_courage'),
(7, 2, 'facet_of_dominance'),
(8, 0, 'facet_of_justice'),
(8, 1, 'facet_of_hope'),
(9, 0, 'ember_of_torches'),
(9, 1, 'ember_of_char'),
(10, 0, 'ember_of_solace'),
(10, 1, 'ember_of_ashes'),
(11, 0, 'ember_of_singeing'),
(11, 1, 'ember_of_benevolence'),
(12, 0, 'ember_of_ashes'),
(12, 1, 'ember_of_torches'),
(12, 2, 'ember_of_searing'),
(13, 0, 'whisper_of_rending'),
(13, 1, 'whisper_of_shards'),
(14, 0, 'whisper_of_torment'),
(14, 1, 'whisper_of_conduction'),
(15, 0, 'thread_of_fury'),
(15, 1, 'thread_of_mind'),
(16, 0, 'thread_of_evolution'),
(16, 1, 'thread_of_generation'),
(16, 2, 'thread_of_propagation'),
(17, 0, 'echo_of_undermining'),
(17, 1, 'echo_of_starvation'),
(18, 0, 'echo_of_dilation'),
(18, 1, 'echo_of_persistence'),
(19, 0, 'echo_of_starvation'),
(19, 1, 'echo_of_undermining'),
(19, 2, 'echo_of_persistence'),
(20, 0, 'echo_of_provision'),
(20, 1, 'echo_of_leeching'),
(21, 0, 'echo_of_persistence'),
(21, 1, 'echo_of_vigilance'),
(22, 0, 'echo_of_undermining'),
(22, 1, 'echo_of_expulsion'),
(22, 2, 'echo_of_provision');

INSERT INTO destiny2_loadout_weapons(id, loadout_id, slot_ordinal, weapon_id)
VALUES
    (1, 1, 0, 1),
(2, 1, 1, 2),
(3, 2, 0, 3),
(4, 3, 0, 4),
(5, 4, 0, 5),
(6, 6, 0, 1),
(7, 6, 1, 2),
(8, 7, 0, 6),
(9, 8, 0, 7),
(10, 9, 0, 1),
(11, 9, 1, 2),
(12, 10, 0, 8),
(13, 11, 0, 9),
(14, 11, 1, 10);

INSERT INTO destiny2_loadout_weapon_perks(loadout_weapon_id, ordinal, perk_id)
VALUES
    (1, 0, 1),
(1, 1, 2),
(2, 0, 3),
(2, 1, 4),
(3, 0, 5),
(3, 1, 6),
(4, 0, 7),
(4, 1, 8),
(5, 0, 2),
(5, 1, 9),
(6, 0, 10),
(6, 1, 11),
(7, 0, 12),
(7, 1, 4),
(8, 0, 13),
(8, 1, 14),
(9, 0, 15),
(9, 1, 16),
(10, 0, 10),
(10, 1, 17),
(11, 0, 3),
(11, 1, 4),
(12, 0, 18),
(12, 1, 3),
(13, 0, 19),
(13, 1, 20),
(14, 0, 3),
(14, 1, 21);

INSERT INTO destiny2_loadout_armour(id, loadout_id, slot, name, icon_url)
VALUES
    (1, 1, 'helmet', 'War Numen''s Crown', 'https://www.bungie.net/common/destiny2_content/icons/1706a0543a5a8549ea0be30979fd3a8b.jpg'),
(2, 1, 'arms', 'War Numen''s Fist', 'https://www.bungie.net/common/destiny2_content/icons/7084b10a0a9580035b5a53f5c9e5a2fc.jpg'),
(3, 1, 'chest', 'Crest of Alpha Lupi', 'https://www.bungie.net/common/destiny2_content/icons/9ddd5eb2eee64925a01abdc4cd9830ad.jpg'),
(4, 1, 'legs', 'Promised Reunion Greaves', 'https://www.bungie.net/common/destiny2_content/icons/763be34b15ca48074a5a0ae87b3abb41.jpg'),
(5, 1, 'class_item', 'Promised Reunion Mark', 'https://www.bungie.net/common/destiny2_content/icons/ac1b3858885da7455c199604b8ba853e.jpg'),
(6, 2, 'helmet', 'Luminopotent Cover', 'https://www.bungie.net/common/destiny2_content/icons/998be02d221c2ed9e8b3d23588854095.jpg'),
(7, 2, 'arms', 'Luminopotent Gloves', 'https://www.bungie.net/common/destiny2_content/icons/8870f2e6d70dafd01a13a0cd6b0c4239.jpg'),
(8, 2, 'chest', 'Luminopotent Robes', 'https://www.bungie.net/common/destiny2_content/icons/c7f3bb12569c4fed60947f3dfd854a1f.jpg'),
(9, 2, 'legs', 'Geomag Stabilizers', 'https://www.bungie.net/common/destiny2_content/icons/395d6f306e29ddf0afdd5b1ffaaf1e5f.jpg'),
(10, 2, 'class_item', 'Luminopotent Bond', 'https://www.bungie.net/common/destiny2_content/icons/64f47c0bbaeb62837a68b3b2b1dd7f6e.jpg'),
(11, 3, 'helmet', 'Any Hunter Helmet', 'https://www.bungie.net/common/destiny2_content/icons/d2abc2257f85934b8ff763e563f02cd9.jpg'),
(12, 3, 'arms', 'Any Hunter Gauntlets', 'https://www.bungie.net/common/destiny2_content/icons/1cfe58452f5dae674b7f6d0f816e9592.jpg'),
(13, 3, 'chest', 'Any Hunter Chest Armour', 'https://www.bungie.net/common/destiny2_content/icons/4809aed7a4b4803dd9235baa9a36ee36.jpg'),
(14, 3, 'legs', 'Any Hunter Leg Armour', 'https://www.bungie.net/common/destiny2_content/icons/1cfe58452f5dae674b7f6d0f816e9592.jpg'),
(15, 3, 'class_item', 'Relativism (Caliban + Synthoceps)', 'https://www.bungie.net/common/destiny2_content/icons/58ae63b773059e5bd7a4d43298f73a50.jpg'),
(16, 4, 'helmet', 'Luminopotent Helm', 'https://www.bungie.net/common/destiny2_content/icons/6ca2447b1f35e1cb3ab667b88be12148.jpg'),
(17, 4, 'arms', 'Luminopotent Gauntlets', 'https://www.bungie.net/common/destiny2_content/icons/91d60b8234efa6a4c9ce38c137788db1.jpg'),
(18, 4, 'chest', 'Luminopotent Plate', 'https://www.bungie.net/common/destiny2_content/icons/b925e4c7db92776935709e1bb386e32d.jpg'),
(19, 4, 'legs', 'Luminopotent Greaves', 'https://www.bungie.net/common/destiny2_content/icons/68260602ad60c4d66918ac23211bee88.jpg'),
(20, 4, 'class_item', 'Stoicism (abeyant + horn)', 'https://www.bungie.net/common/destiny2_content/icons/9db95c112130c018f823f394668cfb5a.jpg'),
(21, 5, 'helmet', 'Willbreaker''s Watch', 'https://www.bungie.net/common/destiny2_content/icons/8483dd383731573ac8921490f1721f75.jpg'),
(22, 5, 'arms', 'Willbreaker''s Fists', 'https://www.bungie.net/common/destiny2_content/icons/4586c65813639d37c11e665ae45cfc98.jpg'),
(23, 5, 'chest', 'Hallowfire Heart', 'https://www.bungie.net/common/destiny2_content/icons/8aacd27b76e68afe6287a3984adeb601.jpg'),
(24, 5, 'legs', 'Smoke Jumper Boots', 'https://www.bungie.net/common/destiny2_content/icons/15c3a83be21ce72bc8622ad059527ab7.jpg'),
(25, 5, 'class_item', 'Smoke Jumper Mark', 'https://www.bungie.net/common/destiny2_content/icons/eb7f47e45fac99fd61abcd6bc2be938f.jpg'),
(26, 6, 'helmet', 'Any Warlock Helmet', 'https://www.bungie.net/common/destiny2_content/icons/1cb2285f74ece98b03e170a3f8d9abdc.jpg'),
(27, 6, 'arms', 'Any Warlock Gauntlets', 'https://www.bungie.net/common/destiny2_content/icons/bfece8a540293e1ac584d894caaa7258.jpg'),
(28, 6, 'chest', 'Any Warlock Robes', 'https://www.bungie.net/common/destiny2_content/icons/9fc0d6f0828aea5abe2f13354c6e63b5.jpg'),
(29, 6, 'legs', 'Boots of the Assembler', 'https://www.bungie.net/common/destiny2_content/icons/4f54f0e8ad3cf58ff4525347c31c652b.jpg'),
(30, 6, 'class_item', 'Any Warlock Bond', 'https://www.bungie.net/common/destiny2_content/icons/9b5a20e8b090754429762e5836f4131f.jpg'),
(31, 7, 'helmet', 'Any Hunter Helmet', 'https://www.bungie.net/common/destiny2_content/icons/d2abc2257f85934b8ff763e563f02cd9.jpg'),
(32, 7, 'arms', 'Any Hunter Gauntlets', 'https://www.bungie.net/common/destiny2_content/icons/1cfe58452f5dae674b7f6d0f816e9592.jpg'),
(33, 7, 'chest', 'Any Hunter Chest Armour', 'https://www.bungie.net/common/destiny2_content/icons/4809aed7a4b4803dd9235baa9a36ee36.jpg'),
(34, 7, 'legs', 'Fortune''s Favor', 'https://www.bungie.net/common/destiny2_content/icons/aef3f0c6823ea0564d94ff81b40552f0.jpg'),
(35, 7, 'class_item', 'Any Hunter Cloak', 'https://www.bungie.net/common/destiny2_content/icons/363fd4e1311408d0f5400f6d9579cf2f.jpg'),
(36, 8, 'helmet', 'Deimosuffusion', 'https://www.bungie.net/common/destiny2_content/icons/8d4cf66f37462c79069095736a4d7bb0.jpg'),
(37, 8, 'arms', 'Any Warlock Gauntlets', 'https://www.bungie.net/common/destiny2_content/icons/bfece8a540293e1ac584d894caaa7258.jpg'),
(38, 8, 'chest', 'Any Warlock Robes', 'https://www.bungie.net/common/destiny2_content/icons/9fc0d6f0828aea5abe2f13354c6e63b5.jpg'),
(39, 8, 'legs', 'Any Warlock Boots', 'https://www.bungie.net/common/destiny2_content/icons/1c3ae268b2f129c252f0609fe52b8028.jpg'),
(40, 8, 'class_item', 'Any Warlock Bond', 'https://www.bungie.net/common/destiny2_content/icons/9b5a20e8b090754429762e5836f4131f.jpg'),
(41, 9, 'helmet', 'Graviton Forfeit', 'https://www.bungie.net/common/destiny2_content/icons/8571524c477cee2fc3e2dedbaf7aa8bb.jpg'),
(42, 9, 'arms', 'Any Hunter Gauntlets', 'https://www.bungie.net/common/destiny2_content/icons/1cfe58452f5dae674b7f6d0f816e9592.jpg'),
(43, 9, 'chest', 'Any Hunter Chest Armour', 'https://www.bungie.net/common/destiny2_content/icons/4809aed7a4b4803dd9235baa9a36ee36.jpg'),
(44, 9, 'legs', 'Any Hunter Leg Armour', 'https://www.bungie.net/common/destiny2_content/icons/1cfe58452f5dae674b7f6d0f816e9592.jpg'),
(45, 9, 'class_item', 'Any Hunter Cloak', 'https://www.bungie.net/common/destiny2_content/icons/363fd4e1311408d0f5400f6d9579cf2f.jpg'),
(46, 10, 'helmet', 'Any Titan Helmet', 'https://www.bungie.net/common/destiny2_content/icons/0f581262927001f7db9d95a40e9b2189.jpg'),
(47, 10, 'arms', 'Any Titan Gauntlets', 'https://www.bungie.net/common/destiny2_content/icons/f378e5316a99404cab087ecdce699758.jpg'),
(48, 10, 'chest', 'Any Titan Chest Armour', 'https://www.bungie.net/common/destiny2_content/icons/8cc0f113cf22b387d05b6b040250dc64.jpg'),
(49, 10, 'legs', 'Peregrine Greaves', 'https://www.bungie.net/common/destiny2_content/icons/b5a4ec9e6e4a0ec3f83ef47f406a8fa6.jpg'),
(50, 10, 'class_item', 'Any Titan Mark', 'https://www.bungie.net/common/destiny2_content/icons/4a80cc7898c2e510cb3e6c4a42982c42.jpg'),
(51, 11, 'helmet', 'Mask of Detestation', 'https://www.bungie.net/common/destiny2_content/icons/2281d9c9707d932817746416e462c9d3.jpg'),
(52, 11, 'arms', 'Winter''s Guile', 'https://www.bungie.net/common/destiny2_content/icons/0c586f183b821e16dd9b696c8e871d2b.jpg'),
(53, 11, 'chest', 'Robes of Detestation', 'https://www.bungie.net/common/destiny2_content/icons/a8f9110c2e8ecbc49e31a1c4260091ff.jpg'),
(54, 11, 'legs', 'Boots of Detestation', 'https://www.bungie.net/common/destiny2_content/icons/a5c91a9a5315f593533fe024992967fc.jpg'),
(55, 11, 'class_item', 'Boots of Detestation', 'https://www.bungie.net/common/destiny2_content/icons/a5c91a9a5315f593533fe024992967fc.jpg');

INSERT INTO destiny2_loadout_armour_mods(armour_id, ordinal, mod_emoji)
VALUES
    (1, 0, 'special_ammo_finder'),
(1, 1, 'special_ammo_scout'),
(1, 2, 'void_siphon'),
(2, 0, 'heavy_handed'),
(2, 1, 'bolstering_detonation'),
(2, 2, 'void_loader'),
(3, 0, 'concussive_dampener'),
(3, 1, 'empty_mod'),
(3, 2, 'empty_mod'),
(4, 0, 'stacks_on_stacks'),
(4, 1, 'strand_scavenger'),
(4, 2, 'invigoration'),
(5, 0, 'special_finisher'),
(5, 1, 'powerful_attraction'),
(5, 2, 'powerful_attraction'),
(6, 0, 'special_ammo_finder'),
(6, 1, 'super_font'),
(6, 2, 'harmonic_siphon'),
(7, 0, 'grenade_font'),
(7, 1, 'bolstering_detonation'),
(7, 2, 'harmonic_loader'),
(8, 0, 'concussive_dampener'),
(8, 1, 'empty_mod'),
(8, 2, 'empty_mod'),
(9, 0, 'elemental_charge'),
(9, 1, 'weapons_font'),
(9, 2, 'harmonic_scavenger'),
(10, 0, 'class_font'),
(10, 1, 'powerful_attraction'),
(10, 2, 'time_dilation'),
(11, 0, 'hands_on'),
(11, 1, 'hands_on'),
(11, 2, 'kinetic_siphon'),
(12, 0, 'melee_font'),
(12, 1, 'focusing_strike'),
(12, 2, 'heavy_handed'),
(13, 0, 'concussive_dampener'),
(13, 1, 'empty_mod'),
(13, 2, 'empty_mod'),
(14, 0, 'stacks_on_stacks'),
(14, 1, 'arc_scavenger'),
(14, 2, 'innervation'),
(15, 0, 'class_font'),
(15, 1, 'time_dilation'),
(15, 2, 'powerful_attraction'),
(16, 0, 'dynamo'),
(16, 1, 'dynamo'),
(16, 2, 'powerful_friends'),
(17, 0, 'strand_loader'),
(17, 1, 'firepower'),
(17, 2, 'bolstering_detonation'),
(18, 0, 'concussive_dampener'),
(18, 1, 'empty_mod'),
(18, 2, 'empty_mod'),
(19, 0, 'stacks_on_stacks'),
(19, 1, 'strand_scavenger'),
(19, 2, 'insulation'),
(20, 0, 'class_font'),
(20, 1, 'time_dilation'),
(20, 2, 'powerful_attraction'),
(21, 0, 'hands_on'),
(21, 1, 'hands_on'),
(21, 2, 'harmonic_siphon'),
(22, 0, 'heavy_handed'),
(22, 1, 'melee_font'),
(22, 2, 'melee_font'),
(23, 0, 'concussive_dampener'),
(23, 1, 'empty_mod'),
(23, 2, 'empty_mod'),
(24, 0, 'stacks_on_stacks'),
(24, 1, 'absolution'),
(24, 2, 'innervation'),
(25, 0, 'powerful_attraction'),
(25, 1, 'time_dilation'),
(25, 2, 'class_font'),
(26, 0, 'special_ammo_finder'),
(26, 1, 'special_ammo_scout'),
(26, 2, 'void_siphon'),
(27, 0, 'melee_font'),
(27, 1, 'void_loader'),
(27, 2, 'focusing_strike'),
(28, 0, 'concussive_dampener'),
(28, 1, 'empty_mod'),
(28, 2, 'empty_mod'),
(29, 0, 'stacks_on_stacks'),
(29, 1, 'void_scavenger'),
(29, 2, 'empty_mod'),
(30, 0, 'class_font'),
(30, 1, 'time_dilation'),
(30, 2, 'powerful_attraction'),
(31, 0, 'special_ammo_finder'),
(31, 1, 'ashes_to_assets'),
(31, 2, 'kinetic_siphon'),
(32, 0, 'melee_font'),
(32, 1, 'grenade_font'),
(32, 2, 'impact_induction'),
(33, 0, 'concussive_dampener'),
(33, 1, 'empty_mod'),
(33, 2, 'empty_mod'),
(34, 0, 'elemental_charge'),
(34, 1, 'absolution'),
(34, 2, 'innervation'),
(35, 0, 'powerful_attraction'),
(35, 1, 'class_font'),
(35, 2, 'time_dilation'),
(36, 0, 'dynamo'),
(36, 1, 'harmonic_siphon'),
(36, 2, 'heavy_ammo_finder'),
(37, 0, 'harmonic_loader'),
(37, 1, 'melee_font'),
(37, 2, 'firepower'),
(38, 0, 'concussive_dampener'),
(38, 1, 'harmonic_ammo_generation'),
(38, 2, 'empty_mod'),
(39, 0, 'stacks_on_stacks'),
(39, 1, 'harmonic_scavenger'),
(39, 2, 'insulation'),
(40, 0, 'powerful_attraction'),
(40, 1, 'class_font'),
(40, 2, 'time_dilation'),
(41, 0, 'special_ammo_finder'),
(41, 1, 'special_ammo_finder'),
(41, 2, 'harmonic_siphon'),
(42, 0, 'melee_font'),
(42, 1, 'harmonic_loader'),
(42, 2, 'heavy_handed'),
(43, 0, 'concussive_dampener'),
(43, 1, 'harmonic_ammo_generation'),
(43, 2, 'empty_mod'),
(44, 0, 'stacks_on_stacks'),
(44, 1, 'strand_scavenger'),
(44, 2, 'harmonic_scavenger'),
(45, 0, 'powerful_attraction'),
(45, 1, 'class_font'),
(45, 2, 'time_dilation'),
(46, 0, 'hands_on'),
(46, 1, 'hands_on'),
(46, 2, 'harmonic_siphon'),
(47, 0, 'heavy_handed'),
(47, 1, 'heavy_handed'),
(47, 2, 'heavy_handed'),
(48, 0, 'concussive_dampener'),
(48, 1, 'empty_mod'),
(48, 2, 'empty_mod'),
(49, 0, 'stacks_on_stacks'),
(49, 1, 'absolution'),
(49, 2, 'invigoration'),
(50, 0, 'powerful_attraction'),
(50, 1, 'class_font'),
(50, 2, 'class_font'),
(51, 0, 'hands_on'),
(51, 1, 'hands_on'),
(51, 2, 'harmonic_siphon'),
(52, 0, 'heavy_handed'),
(52, 1, 'heavy_handed'),
(52, 2, 'melee_font'),
(53, 0, 'concussive_dampener'),
(53, 1, 'empty_mod'),
(53, 2, 'empty_mod'),
(54, 0, 'stacks_on_stacks'),
(54, 1, 'absolution'),
(54, 2, 'invigoration'),
(55, 0, 'time_dilation'),
(55, 1, 'class_font'),
(55, 2, 'powerful_attraction');

INSERT INTO destiny2_loadout_stats(loadout_id, ordinal, stat, value)
VALUES
    (1, 0, 'weapons', 200),
(1, 1, 'super', 200),
(1, 2, 'class', 200),
(1, 3, 'grenade', 200),
(1, 4, 'melee', 200),
(1, 5, 'health', 200),
(2, 0, 'weapons', 200),
(2, 1, 'super', 200),
(2, 2, 'class', 200),
(2, 3, 'grenade', 200),
(2, 4, 'melee', 200),
(2, 5, 'health', 200),
(3, 0, 'weapons', 200),
(3, 1, 'super', 200),
(3, 2, 'class', 200),
(3, 3, 'grenade', 200),
(3, 4, 'melee', 200),
(3, 5, 'health', 200),
(4, 0, 'class', 200),
(4, 1, 'super', 200),
(4, 2, 'melee', 200),
(4, 3, 'grenade', 200),
(4, 4, 'weapons', 200),
(4, 5, 'health', 200),
(5, 0, 'super', 200),
(5, 1, 'melee', 200),
(5, 2, 'grenade', 200),
(5, 3, 'weapons', 200),
(5, 4, 'class', 200),
(5, 5, 'health', 200),
(6, 0, 'weapons', 200),
(6, 1, 'super', 200),
(6, 2, 'class', 200),
(6, 3, 'grenade', 200),
(6, 4, 'melee', 200),
(6, 5, 'health', 200),
(7, 0, 'weapons', 200),
(7, 1, 'super', 200),
(7, 2, 'grenade', 200),
(7, 3, 'class', 200),
(7, 4, 'melee', 200),
(7, 5, 'health', 200),
(8, 0, 'weapons', 200),
(8, 1, 'super', 200),
(8, 2, 'class', 200),
(8, 3, 'grenade', 200),
(8, 4, 'melee', 200),
(8, 5, 'health', 200),
(9, 0, 'weapons', 200),
(9, 1, 'super', 200),
(9, 2, 'class', 200),
(9, 3, 'grenade', 200),
(9, 4, 'melee', 200),
(9, 5, 'health', 200),
(10, 0, 'melee', 200),
(10, 1, 'super', 200),
(10, 2, 'health', 200),
(10, 3, 'grenade', 200),
(10, 4, 'class', 200),
(10, 5, 'weapons', 200),
(11, 0, 'melee', 200),
(11, 1, 'grenade', 200),
(11, 2, 'super', 200),
(11, 3, 'health', 200),
(11, 4, 'weapons', 200),
(11, 5, 'class', 200);

INSERT INTO destiny2_loadout_artifact_perks(loadout_id, ordinal, perk_emoji)
VALUES
    (1, 0, 'dielectric'),
(1, 1, 'volatile_marksman'),
(1, 2, 'maligned_harvest'),
(1, 3, 'gold_from_lead'),
(1, 4, 'flashover'),
(1, 5, 'defibrillating_blast'),
(1, 6, 'to_shreds'),
(2, 0, 'dielectric'),
(2, 1, 'elemental_siphon'),
(2, 2, 'gold_from_lead'),
(2, 3, 'photonic_flare'),
(2, 4, 'flashover'),
(2, 5, 'defibrillating_blast'),
(2, 6, 'limit_break'),
(3, 0, 'solar_fulmination'),
(3, 1, 'shieldcrush'),
(4, 0, 'dielectric'),
(4, 1, 'volatile_marksman'),
(4, 2, 'vile_weave'),
(4, 3, 'unraveling_orbs'),
(4, 4, 'flashover'),
(4, 5, 'defibrillating_blast'),
(4, 6, 'to_shreds'),
(5, 0, 'dielectric'),
(5, 1, 'volatile_marksman'),
(5, 2, 'flashover'),
(5, 3, 'elemental_siphon'),
(5, 4, 'unraveling_orbs'),
(5, 5, 'defibrillating_blast'),
(5, 6, 'limit_break'),
(6, 0, 'rays_of_precision'),
(6, 1, 'revitalizing_blast'),
(7, 0, 'power_from_pain'),
(7, 1, 'singularity_blade'),
(7, 2, 'void_infestation'),
(8, 0, 'pack_tactics'),
(9, 0, 'unto_the_breach'),
(9, 1, 'protective_breach'),
(9, 2, 'supernova'),
(10, 0, 'shieldcrush'),
(10, 1, 'expanding_abyss'),
(10, 2, 'void_hegemony'),
(11, 0, 'energy_diffusion_substrate'),
(11, 1, 'sustained_fire'),
(11, 2, 'targeting_autoloader'),
(11, 3, 'elemental_siphon'),
(11, 4, 'void_hegemony'),
(11, 5, 'expanding_abyss'),
(11, 6, 'shieldcrush');

INSERT INTO destiny2_raid_weapons(name, emoji, icon_url)
VALUES
    ('Lord of Wolves', '<:lord_of_wolves:1395198273932890243>', 'https://www.bungie.net/common/destiny2_content/icons/6bd65ae8981e4cac3c00825abedd3fbb.jpg'),
('Queenbreaker', '<:queenbreaker:1395198262264463410>', 'https://www.bungie.net/common/destiny2_content/icons/6bd65ae8981e4cac3c00825abedd3fbb.jpg');

SELECT
    setval('destiny2_perks_id_seq', 21);

SELECT
    setval('destiny2_weapons_id_seq', 10);

SELECT
    setval('destiny2_loadouts_id_seq', 11);

SELECT
    setval('destiny2_loadout_aspects_id_seq', 22);

SELECT
    setval('destiny2_loadout_weapons_id_seq', 14);

SELECT
    setval('destiny2_loadout_armour_id_seq', 55);

